timestamp,strategy,deployment,current_replicas,current_load_rps,avg_response_time_ms,evaluation_type
5,StandardFirstFitBinPacker,resnet50-inference,1,0.0,0.0,scaling_check
5,StandardFirstFitBinPacker,resnet50-inference-downtown,1,0.0,0.0,scaling_check
5,StandardFirstFitBinPacker,resnet50-inference-suburb,1,0.0,0.0,scaling_check
5,StandardFirstFitBinPacker,resnet50-inference-industrial,1,0.0,0.0,scaling_check
5,StandardFirstFitBinPacker,resnet50-inference-residential,1,0.0,0.0,scaling_check
5,StandardFirstFitBinPacker,resnet50-inference-commercial,1,0.0,0.0,scaling_check
5,StandardFirstFitBinPacker,resnet50-training,1,0.0,0.0,scaling_check
5,StandardFirstFitBinPacker,resnet50-training-downtown,1,0.0,0.0,scaling_check
10,StandardFirstFitBinPacker,resnet50-inference,1,3.0,0.0,scaling_check
10,StandardFirstFitBinPacker,resnet50-inference-downtown,1,2.8,0.0,scaling_check
10,StandardFirstFitBinPacker,resnet50-inference-suburb,1,1.2,0.0,scaling_check
10,StandardFirstFitBinPacker,resnet50-inference-industrial,1,2.4,0.0,scaling_check
10,StandardFirstFitBinPacker,resnet50-inference-residential,1,3.0,0.0,scaling_check
10,StandardFirstFitBinPacker,resnet50-inference-commercial,1,2.8,0.0,scaling_check
10,StandardFirstFitBinPacker,resnet50-training,1,5.0,0.0,scaling_check
10,StandardFirstFitBinPacker,resnet50-training-downtown,1,5.0,0.0,scaling_check
15,StandardFirstFitBinPacker,resnet50-inference,1,3.0,0.0,scaling_check
15,StandardFirstFitBinPacker,resnet50-inference-downtown,1,2.8,0.0,scaling_check
15,StandardFirstFitBinPacker,resnet50-inference-suburb,1,3.4,0.0,scaling_check
15,StandardFirstFitBinPacker,resnet50-inference-industrial,1,3.4,0.0,scaling_check
15,StandardFirstFitBinPacker,resnet50-inference-residential,1,4.4,0.0,scaling_check
15,StandardFirstFitBinPacker,resnet50-inference-commercial,1,3.2,0.0,scaling_check
15,StandardFirstFitBinPacker,resnet50-training,1,5.2,0.0,scaling_check
15,StandardFirstFitBinPacker,resnet50-training-downtown,1,6.8,0.0,scaling_check
20,StandardFirstFitBinPacker,resnet50-inference,1,2.6,0.0,scaling_check
20,StandardFirstFitBinPacker,resnet50-inference-downtown,1,2.6,0.0,scaling_check
20,StandardFirstFitBinPacker,resnet50-inference-suburb,1,2.8,0.0,scaling_check
20,StandardFirstFitBinPacker,resnet50-inference-industrial,1,2.6,0.0,scaling_check
20,StandardFirstFitBinPacker,resnet50-inference-residential,1,4.2,0.0,scaling_check
20,StandardFirstFitBinPacker,resnet50-inference-commercial,1,3.8,0.0,scaling_check
20,StandardFirstFitBinPacker,resnet50-training,1,7.0,0.0,scaling_check
20,StandardFirstFitBinPacker,resnet50-training-downtown,1,8.4,0.0,scaling_check
25,StandardFirstFitBinPacker,resnet50-inference,1,3.8,0.0,scaling_check
25,StandardFirstFitBinPacker,resnet50-inference-downtown,1,2.6,0.0,scaling_check
25,StandardFirstFitBinPacker,resnet50-inference-suburb,1,2.6,0.0,scaling_check
25,StandardFirstFitBinPacker,resnet50-inference-industrial,1,4.4,0.0,scaling_check
25,StandardFirstFitBinPacker,resnet50-inference-residential,1,3.2,0.0,scaling_check
25,StandardFirstFitBinPacker,resnet50-inference-commercial,1,3.0,0.0,scaling_check
25,StandardFirstFitBinPacker,resnet50-training,1,7.0,0.0,scaling_check
25,StandardFirstFitBinPacker,resnet50-training-downtown,1,5.6,0.0,scaling_check
30,StandardFirstFitBinPacker,resnet50-inference,1,2.8,0.0,scaling_check
30,StandardFirstFitBinPacker,resnet50-inference-downtown,1,2.4,0.0,scaling_check
30,StandardFirstFitBinPacker,resnet50-inference-suburb,1,3.2,0.0,scaling_check
30,StandardFirstFitBinPacker,resnet50-inference-industrial,1,2.6,0.0,scaling_check
30,StandardFirstFitBinPacker,resnet50-inference-residential,1,2.2,0.0,scaling_check
30,StandardFirstFitBinPacker,resnet50-inference-commercial,1,2.2,0.0,scaling_check
30,StandardFirstFitBinPacker,resnet50-training,1,6.4,0.0,scaling_check
30,StandardFirstFitBinPacker,resnet50-training-downtown,1,9.8,0.0,scaling_check
35,StandardFirstFitBinPacker,resnet50-inference,1,3.0,0.0,scaling_check
35,StandardFirstFitBinPacker,resnet50-inference-downtown,1,3.0,0.0,scaling_check
35,StandardFirstFitBinPacker,resnet50-inference-suburb,1,2.4,0.0,scaling_check
35,StandardFirstFitBinPacker,resnet50-inference-industrial,1,4.0,0.0,scaling_check
35,StandardFirstFitBinPacker,resnet50-inference-residential,1,2.8,0.0,scaling_check
35,StandardFirstFitBinPacker,resnet50-inference-commercial,1,3.8,0.0,scaling_check
35,StandardFirstFitBinPacker,resnet50-training,1,6.6,0.0,scaling_check
35,StandardFirstFitBinPacker,resnet50-training-downtown,1,3.8,0.0,scaling_check
40,StandardFirstFitBinPacker,resnet50-inference,1,2.8,633.6105643901143,scaling_check
40,StandardFirstFitBinPacker,resnet50-inference-downtown,1,2.2,389.67806110414745,scaling_check
40,StandardFirstFitBinPacker,resnet50-inference-suburb,1,2.8,394.69664221565944,scaling_check
40,StandardFirstFitBinPacker,resnet50-inference-industrial,1,1.8,737.061824502503,scaling_check
40,StandardFirstFitBinPacker,resnet50-inference-residential,1,3.4,740.4828455338605,scaling_check
40,StandardFirstFitBinPacker,resnet50-inference-commercial,1,2.6,739.4695314565386,scaling_check
40,StandardFirstFitBinPacker,resnet50-training,1,6.6,0.0,scaling_check
40,StandardFirstFitBinPacker,resnet50-training-downtown,1,4.4,0.0,scaling_check
45,StandardFirstFitBinPacker,resnet50-inference,1,3.4,617.9674721654678,scaling_check
45,StandardFirstFitBinPacker,resnet50-inference-downtown,1,3.4,392.28931168680606,scaling_check
45,StandardFirstFitBinPacker,resnet50-inference-suburb,1,1.2,391.268664862368,scaling_check
45,StandardFirstFitBinPacker,resnet50-inference-industrial,1,2.8,724.3902492574953,scaling_check
45,StandardFirstFitBinPacker,resnet50-inference-residential,1,4.0,740.0475301935743,scaling_check
45,StandardFirstFitBinPacker,resnet50-inference-commercial,1,2.4,715.1301893403736,scaling_check
45,StandardFirstFitBinPacker,resnet50-training,1,9.4,0.0,scaling_check
45,StandardFirstFitBinPacker,resnet50-training-downtown,1,6.2,0.0,scaling_check
50,StandardFirstFitBinPacker,resnet50-inference,1,2.0,0.0,scaling_check
50,StandardFirstFitBinPacker,resnet50-inference-downtown,1,2.4,0.0,scaling_check
50,StandardFirstFitBinPacker,resnet50-inference-suburb,1,3.4,0.0,scaling_check
50,StandardFirstFitBinPacker,resnet50-inference-industrial,1,5.0,0.0,scaling_check
50,StandardFirstFitBinPacker,resnet50-inference-residential,1,3.0,0.0,scaling_check
50,StandardFirstFitBinPacker,resnet50-inference-commercial,1,4.4,0.0,scaling_check
50,StandardFirstFitBinPacker,resnet50-training,1,7.2,0.0,scaling_check
50,StandardFirstFitBinPacker,resnet50-training-downtown,1,6.0,0.0,scaling_check
55,StandardFirstFitBinPacker,resnet50-inference,1,2.0,0.0,scaling_check
55,StandardFirstFitBinPacker,resnet50-inference-downtown,1,2.4,0.0,scaling_check
55,StandardFirstFitBinPacker,resnet50-inference-suburb,1,2.0,0.0,scaling_check
55,StandardFirstFitBinPacker,resnet50-inference-industrial,1,2.8,0.0,scaling_check
55,StandardFirstFitBinPacker,resnet50-inference-residential,1,3.2,0.0,scaling_check
55,StandardFirstFitBinPacker,resnet50-inference-commercial,1,3.0,0.0,scaling_check
55,StandardFirstFitBinPacker,resnet50-training,1,6.0,0.0,scaling_check
55,StandardFirstFitBinPacker,resnet50-training-downtown,1,6.8,0.0,scaling_check
60,StandardFirstFitBinPacker,resnet50-inference,1,3.6,0.0,scaling_check
60,StandardFirstFitBinPacker,resnet50-inference-downtown,1,4.0,0.0,scaling_check
60,StandardFirstFitBinPacker,resnet50-inference-suburb,1,2.6,0.0,scaling_check
60,StandardFirstFitBinPacker,resnet50-inference-industrial,1,2.0,0.0,scaling_check
60,StandardFirstFitBinPacker,resnet50-inference-residential,1,3.6,0.0,scaling_check
60,StandardFirstFitBinPacker,resnet50-inference-commercial,1,2.4,0.0,scaling_check
60,StandardFirstFitBinPacker,resnet50-training,1,7.0,0.0,scaling_check
60,StandardFirstFitBinPacker,resnet50-training-downtown,1,6.4,0.0,scaling_check
65,StandardFirstFitBinPacker,resnet50-inference,1,2.6,0.0,scaling_check
65,StandardFirstFitBinPacker,resnet50-inference-downtown,1,1.6,0.0,scaling_check
65,StandardFirstFitBinPacker,resnet50-inference-suburb,1,2.6,0.0,scaling_check
65,StandardFirstFitBinPacker,resnet50-inference-industrial,1,2.8,0.0,scaling_check
65,StandardFirstFitBinPacker,resnet50-inference-residential,1,3.2,0.0,scaling_check
65,StandardFirstFitBinPacker,resnet50-inference-commercial,1,3.6,0.0,scaling_check
65,StandardFirstFitBinPacker,resnet50-training,1,8.4,0.0,scaling_check
65,StandardFirstFitBinPacker,resnet50-training-downtown,1,6.0,0.0,scaling_check
70,StandardFirstFitBinPacker,resnet50-inference,1,3.0,0.0,scaling_check
70,StandardFirstFitBinPacker,resnet50-inference-downtown,1,4.0,0.0,scaling_check
70,StandardFirstFitBinPacker,resnet50-inference-suburb,1,2.6,0.0,scaling_check
70,StandardFirstFitBinPacker,resnet50-inference-industrial,1,3.8,0.0,scaling_check
70,StandardFirstFitBinPacker,resnet50-inference-residential,1,3.2,0.0,scaling_check
70,StandardFirstFitBinPacker,resnet50-inference-commercial,1,1.6,0.0,scaling_check
70,StandardFirstFitBinPacker,resnet50-training,1,6.8,0.0,scaling_check
70,StandardFirstFitBinPacker,resnet50-training-downtown,1,7.4,0.0,scaling_check
75,StandardFirstFitBinPacker,resnet50-inference,1,3.0,608.8178305088114,scaling_check
75,StandardFirstFitBinPacker,resnet50-inference-downtown,1,1.4,394.12886188647184,scaling_check
75,StandardFirstFitBinPacker,resnet50-inference-suburb,1,2.8,393.43159248121316,scaling_check
75,StandardFirstFitBinPacker,resnet50-inference-industrial,1,2.0,741.9213055659137,scaling_check
75,StandardFirstFitBinPacker,resnet50-inference-residential,1,3.6,707.8488690836101,scaling_check
75,StandardFirstFitBinPacker,resnet50-inference-commercial,1,3.4,709.2711804577286,scaling_check
75,StandardFirstFitBinPacker,resnet50-training,1,6.2,0.0,scaling_check
75,StandardFirstFitBinPacker,resnet50-training-downtown,1,7.4,0.0,scaling_check
80,StandardFirstFitBinPacker,resnet50-inference,1,3.8,613.6529424923051,scaling_check
80,StandardFirstFitBinPacker,resnet50-inference-downtown,1,3.0,402.14171729758374,scaling_check
80,StandardFirstFitBinPacker,resnet50-inference-suburb,1,2.4,394.1974027282354,scaling_check
80,StandardFirstFitBinPacker,resnet50-inference-industrial,1,4.4,771.016061610181,scaling_check
80,StandardFirstFitBinPacker,resnet50-inference-residential,1,1.6,709.7957016630304,scaling_check
80,StandardFirstFitBinPacker,resnet50-inference-commercial,1,3.2,701.4246100725709,scaling_check
80,StandardFirstFitBinPacker,resnet50-training,1,6.8,0.0,scaling_check
80,StandardFirstFitBinPacker,resnet50-training-downtown,1,5.8,0.0,scaling_check
85,StandardFirstFitBinPacker,resnet50-inference,1,3.2,0.0,scaling_check
85,StandardFirstFitBinPacker,resnet50-inference-downtown,1,3.8,0.0,scaling_check
85,StandardFirstFitBinPacker,resnet50-inference-suburb,1,3.8,0.0,scaling_check
85,StandardFirstFitBinPacker,resnet50-inference-industrial,1,2.8,0.0,scaling_check
85,StandardFirstFitBinPacker,resnet50-inference-residential,1,2.0,0.0,scaling_check
85,StandardFirstFitBinPacker,resnet50-inference-commercial,1,3.4,0.0,scaling_check
85,StandardFirstFitBinPacker,resnet50-training,1,6.8,0.0,scaling_check
85,StandardFirstFitBinPacker,resnet50-training-downtown,1,6.0,0.0,scaling_check
90,StandardFirstFitBinPacker,resnet50-inference,1,3.2,0.0,scaling_check
90,StandardFirstFitBinPacker,resnet50-inference-downtown,1,2.4,0.0,scaling_check
90,StandardFirstFitBinPacker,resnet50-inference-suburb,1,2.8,0.0,scaling_check
90,StandardFirstFitBinPacker,resnet50-inference-industrial,1,2.0,0.0,scaling_check
90,StandardFirstFitBinPacker,resnet50-inference-residential,1,1.6,0.0,scaling_check
90,StandardFirstFitBinPacker,resnet50-inference-commercial,1,3.8,0.0,scaling_check
90,StandardFirstFitBinPacker,resnet50-training,1,7.2,0.0,scaling_check
90,StandardFirstFitBinPacker,resnet50-training-downtown,1,7.0,0.0,scaling_check
95,StandardFirstFitBinPacker,resnet50-inference,1,3.2,0.0,scaling_check
95,StandardFirstFitBinPacker,resnet50-inference-downtown,1,2.6,0.0,scaling_check
95,StandardFirstFitBinPacker,resnet50-inference-suburb,1,1.4,0.0,scaling_check
95,StandardFirstFitBinPacker,resnet50-inference-industrial,1,2.4,0.0,scaling_check
95,StandardFirstFitBinPacker,resnet50-inference-residential,1,3.0,0.0,scaling_check
95,StandardFirstFitBinPacker,resnet50-inference-commercial,1,3.4,0.0,scaling_check
95,StandardFirstFitBinPacker,resnet50-training,1,7.2,0.0,scaling_check
95,StandardFirstFitBinPacker,resnet50-training-downtown,1,6.2,0.0,scaling_check
100,StandardFirstFitBinPacker,resnet50-inference,1,3.0,0.0,scaling_check
100,StandardFirstFitBinPacker,resnet50-inference-downtown,1,3.2,0.0,scaling_check
100,StandardFirstFitBinPacker,resnet50-inference-suburb,1,1.6,0.0,scaling_check
100,StandardFirstFitBinPacker,resnet50-inference-industrial,1,3.0,0.0,scaling_check
100,StandardFirstFitBinPacker,resnet50-inference-residential,1,2.2,0.0,scaling_check
100,StandardFirstFitBinPacker,resnet50-inference-commercial,1,2.8,0.0,scaling_check
100,StandardFirstFitBinPacker,resnet50-training,1,6.4,0.0,scaling_check
100,StandardFirstFitBinPacker,resnet50-training-downtown,1,7.8,0.0,scaling_check
105,StandardFirstFitBinPacker,resnet50-inference,1,4.0,0.0,scaling_check
105,StandardFirstFitBinPacker,resnet50-inference-downtown,1,2.6,0.0,scaling_check
105,StandardFirstFitBinPacker,resnet50-inference-suburb,1,2.2,0.0,scaling_check
105,StandardFirstFitBinPacker,resnet50-inference-industrial,1,2.2,0.0,scaling_check
105,StandardFirstFitBinPacker,resnet50-inference-residential,1,4.2,0.0,scaling_check
105,StandardFirstFitBinPacker,resnet50-inference-commercial,1,3.8,0.0,scaling_check
105,StandardFirstFitBinPacker,resnet50-training,1,8.4,0.0,scaling_check
105,StandardFirstFitBinPacker,resnet50-training-downtown,1,9.6,0.0,scaling_check
110,StandardFirstFitBinPacker,resnet50-inference,1,2.0,676.5069544758343,scaling_check
110,StandardFirstFitBinPacker,resnet50-inference-downtown,1,3.0,392.1032792927986,scaling_check
110,StandardFirstFitBinPacker,resnet50-inference-suburb,1,2.4,389.06398136158145,scaling_check
110,StandardFirstFitBinPacker,resnet50-inference-industrial,1,3.4,738.3277869480679,scaling_check
110,StandardFirstFitBinPacker,resnet50-inference-residential,1,2.0,774.088387901672,scaling_check
110,StandardFirstFitBinPacker,resnet50-inference-commercial,1,4.0,873.0690798958036,scaling_check
110,StandardFirstFitBinPacker,resnet50-training,1,6.8,0.0,scaling_check
110,StandardFirstFitBinPacker,resnet50-training-downtown,1,7.6,0.0,scaling_check
115,StandardFirstFitBinPacker,resnet50-inference,1,4.8,690.6166757979179,scaling_check
115,StandardFirstFitBinPacker,resnet50-inference-downtown,1,2.4,395.8000704885573,scaling_check
115,StandardFirstFitBinPacker,resnet50-inference-suburb,1,3.2,390.88696341085455,scaling_check
115,StandardFirstFitBinPacker,resnet50-inference-industrial,1,3.4,747.762774974893,scaling_check
115,StandardFirstFitBinPacker,resnet50-inference-residential,1,2.6,761.7112885565246,scaling_check
115,StandardFirstFitBinPacker,resnet50-inference-commercial,2,2.8,1007.1756269659309,scaling_check
115,StandardFirstFitBinPacker,resnet50-training,1,7.0,0.0,scaling_check
115,StandardFirstFitBinPacker,resnet50-training-downtown,1,4.2,0.0,scaling_check
120,StandardFirstFitBinPacker,resnet50-inference,1,4.0,0.0,scaling_check
120,StandardFirstFitBinPacker,resnet50-inference-downtown,1,2.8,0.0,scaling_check
120,StandardFirstFitBinPacker,resnet50-inference-suburb,1,2.8,0.0,scaling_check
120,StandardFirstFitBinPacker,resnet50-inference-industrial,1,2.6,0.0,scaling_check
120,StandardFirstFitBinPacker,resnet50-inference-residential,1,3.6,0.0,scaling_check
120,StandardFirstFitBinPacker,resnet50-inference-commercial,3,3.2,0.0,scaling_check
120,StandardFirstFitBinPacker,resnet50-training,1,8.6,0.0,scaling_check
120,StandardFirstFitBinPacker,resnet50-training-downtown,1,4.8,0.0,scaling_check
125,StandardFirstFitBinPacker,resnet50-inference,1,2.6,0.0,scaling_check
125,StandardFirstFitBinPacker,resnet50-inference-downtown,1,3.4,0.0,scaling_check
125,StandardFirstFitBinPacker,resnet50-inference-suburb,1,4.0,0.0,scaling_check
125,StandardFirstFitBinPacker,resnet50-inference-industrial,1,3.0,0.0,scaling_check
125,StandardFirstFitBinPacker,resnet50-inference-residential,1,2.2,0.0,scaling_check
125,StandardFirstFitBinPacker,resnet50-inference-commercial,3,3.6,0.0,scaling_check
125,StandardFirstFitBinPacker,resnet50-training,1,5.6,0.0,scaling_check
125,StandardFirstFitBinPacker,resnet50-training-downtown,1,4.8,0.0,scaling_check
130,StandardFirstFitBinPacker,resnet50-inference,1,2.8,0.0,scaling_check
130,StandardFirstFitBinPacker,resnet50-inference-downtown,1,4.6,0.0,scaling_check
130,StandardFirstFitBinPacker,resnet50-inference-suburb,1,2.8,0.0,scaling_check
130,StandardFirstFitBinPacker,resnet50-inference-industrial,1,4.4,0.0,scaling_check
130,StandardFirstFitBinPacker,resnet50-inference-residential,1,3.0,0.0,scaling_check
130,StandardFirstFitBinPacker,resnet50-inference-commercial,3,2.4,0.0,scaling_check
130,StandardFirstFitBinPacker,resnet50-training,1,7.8,0.0,scaling_check
130,StandardFirstFitBinPacker,resnet50-training-downtown,1,7.4,0.0,scaling_check
135,StandardFirstFitBinPacker,resnet50-inference,1,2.8,0.0,scaling_check
135,StandardFirstFitBinPacker,resnet50-inference-downtown,1,5.2,0.0,scaling_check
135,StandardFirstFitBinPacker,resnet50-inference-suburb,1,4.0,0.0,scaling_check
135,StandardFirstFitBinPacker,resnet50-inference-industrial,1,3.6,0.0,scaling_check
135,StandardFirstFitBinPacker,resnet50-inference-residential,1,3.8,0.0,scaling_check
135,StandardFirstFitBinPacker,resnet50-inference-commercial,2,2.8,0.0,scaling_check
135,StandardFirstFitBinPacker,resnet50-training,1,6.4,0.0,scaling_check
135,StandardFirstFitBinPacker,resnet50-training-downtown,1,7.6,0.0,scaling_check
140,StandardFirstFitBinPacker,resnet50-inference,1,2.2,0.0,scaling_check
140,StandardFirstFitBinPacker,resnet50-inference-downtown,1,2.6,0.0,scaling_check
140,StandardFirstFitBinPacker,resnet50-inference-suburb,1,2.8,0.0,scaling_check
140,StandardFirstFitBinPacker,resnet50-inference-industrial,1,3.2,0.0,scaling_check
140,StandardFirstFitBinPacker,resnet50-inference-residential,1,2.6,0.0,scaling_check
140,StandardFirstFitBinPacker,resnet50-inference-commercial,2,2.8,0.0,scaling_check
140,StandardFirstFitBinPacker,resnet50-training,1,5.8,0.0,scaling_check
140,StandardFirstFitBinPacker,resnet50-training-downtown,1,8.2,0.0,scaling_check
145,StandardFirstFitBinPacker,resnet50-inference,1,3.6,630.976969641041,scaling_check
145,StandardFirstFitBinPacker,resnet50-inference-downtown,1,3.4,392.08879159935907,scaling_check
145,StandardFirstFitBinPacker,resnet50-inference-suburb,1,2.8,388.1875181428416,scaling_check
145,StandardFirstFitBinPacker,resnet50-inference-industrial,1,2.2,717.6753751208113,scaling_check
145,StandardFirstFitBinPacker,resnet50-inference-residential,1,4.0,787.4453586192657,scaling_check
145,StandardFirstFitBinPacker,resnet50-inference-commercial,2,3.6,732.159557613396,scaling_check
145,StandardFirstFitBinPacker,resnet50-training,1,5.8,0.0,scaling_check
145,StandardFirstFitBinPacker,resnet50-training-downtown,1,5.8,0.0,scaling_check
150,StandardFirstFitBinPacker,resnet50-inference,1,2.8,650.8070762058153,scaling_check
150,StandardFirstFitBinPacker,resnet50-inference-downtown,1,4.0,392.7023399062837,scaling_check
150,StandardFirstFitBinPacker,resnet50-inference-suburb,1,2.4,388.89621634142964,scaling_check
150,StandardFirstFitBinPacker,resnet50-inference-industrial,1,3.4,715.1997370524906,scaling_check
150,StandardFirstFitBinPacker,resnet50-inference-residential,1,2.0,832.9200842746797,scaling_check
150,StandardFirstFitBinPacker,resnet50-inference-commercial,2,3.4,745.3596045968525,scaling_check
150,StandardFirstFitBinPacker,resnet50-training,1,5.6,0.0,scaling_check
150,StandardFirstFitBinPacker,resnet50-training-downtown,1,6.0,0.0,scaling_check
155,StandardFirstFitBinPacker,resnet50-inference,1,2.2,0.0,scaling_check
155,StandardFirstFitBinPacker,resnet50-inference-downtown,1,1.8,0.0,scaling_check
155,StandardFirstFitBinPacker,resnet50-inference-suburb,1,2.4,0.0,scaling_check
155,StandardFirstFitBinPacker,resnet50-inference-industrial,1,2.0,0.0,scaling_check
155,StandardFirstFitBinPacker,resnet50-inference-residential,2,3.0,0.0,scaling_check
155,StandardFirstFitBinPacker,resnet50-inference-commercial,2,2.4,0.0,scaling_check
155,StandardFirstFitBinPacker,resnet50-training,1,6.0,0.0,scaling_check
155,StandardFirstFitBinPacker,resnet50-training-downtown,1,7.8,0.0,scaling_check
160,StandardFirstFitBinPacker,resnet50-inference,1,3.8,0.0,scaling_check
160,StandardFirstFitBinPacker,resnet50-inference-downtown,1,2.6,0.0,scaling_check
160,StandardFirstFitBinPacker,resnet50-inference-suburb,1,2.2,0.0,scaling_check
160,StandardFirstFitBinPacker,resnet50-inference-industrial,1,1.8,0.0,scaling_check
160,StandardFirstFitBinPacker,resnet50-inference-residential,2,4.2,0.0,scaling_check
160,StandardFirstFitBinPacker,resnet50-inference-commercial,2,2.6,0.0,scaling_check
160,StandardFirstFitBinPacker,resnet50-training,1,7.6,0.0,scaling_check
160,StandardFirstFitBinPacker,resnet50-training-downtown,1,7.2,0.0,scaling_check
165,StandardFirstFitBinPacker,resnet50-inference,1,2.0,0.0,scaling_check
165,StandardFirstFitBinPacker,resnet50-inference-downtown,1,3.6,0.0,scaling_check
165,StandardFirstFitBinPacker,resnet50-inference-suburb,1,2.2,0.0,scaling_check
165,StandardFirstFitBinPacker,resnet50-inference-industrial,1,5.0,0.0,scaling_check
165,StandardFirstFitBinPacker,resnet50-inference-residential,2,3.2,0.0,scaling_check
165,StandardFirstFitBinPacker,resnet50-inference-commercial,2,3.2,0.0,scaling_check
165,StandardFirstFitBinPacker,resnet50-training,1,7.2,0.0,scaling_check
165,StandardFirstFitBinPacker,resnet50-training-downtown,1,6.8,0.0,scaling_check
170,StandardFirstFitBinPacker,resnet50-inference,1,3.8,0.0,scaling_check
170,StandardFirstFitBinPacker,resnet50-inference-downtown,1,2.6,0.0,scaling_check
170,StandardFirstFitBinPacker,resnet50-inference-suburb,1,2.6,0.0,scaling_check
170,StandardFirstFitBinPacker,resnet50-inference-industrial,1,4.2,0.0,scaling_check
170,StandardFirstFitBinPacker,resnet50-inference-residential,2,2.4,0.0,scaling_check
170,StandardFirstFitBinPacker,resnet50-inference-commercial,2,3.0,0.0,scaling_check
170,StandardFirstFitBinPacker,resnet50-training,1,7.0,0.0,scaling_check
170,StandardFirstFitBinPacker,resnet50-training-downtown,1,8.2,0.0,scaling_check
175,StandardFirstFitBinPacker,resnet50-inference,1,1.8,0.0,scaling_check
175,StandardFirstFitBinPacker,resnet50-inference-downtown,1,4.0,0.0,scaling_check
175,StandardFirstFitBinPacker,resnet50-inference-suburb,1,3.8,0.0,scaling_check
175,StandardFirstFitBinPacker,resnet50-inference-industrial,1,2.8,0.0,scaling_check
175,StandardFirstFitBinPacker,resnet50-inference-residential,2,4.6,0.0,scaling_check
175,StandardFirstFitBinPacker,resnet50-inference-commercial,2,3.2,0.0,scaling_check
175,StandardFirstFitBinPacker,resnet50-training,1,6.4,0.0,scaling_check
175,StandardFirstFitBinPacker,resnet50-training-downtown,1,7.2,0.0,scaling_check
180,StandardFirstFitBinPacker,resnet50-inference,1,2.2,606.7531211335792,scaling_check
180,StandardFirstFitBinPacker,resnet50-inference-downtown,1,3.0,402.4343542757679,scaling_check
180,StandardFirstFitBinPacker,resnet50-inference-suburb,1,4.2,392.84993320608385,scaling_check
180,StandardFirstFitBinPacker,resnet50-inference-industrial,1,3.6,752.6674117787923,scaling_check
180,StandardFirstFitBinPacker,resnet50-inference-residential,2,3.8,729.7015363416452,scaling_check
180,StandardFirstFitBinPacker,resnet50-inference-commercial,2,4.2,703.4563756610125,scaling_check
180,StandardFirstFitBinPacker,resnet50-training,1,5.6,0.0,scaling_check
180,StandardFirstFitBinPacker,resnet50-training-downtown,1,7.0,0.0,scaling_check
185,StandardFirstFitBinPacker,resnet50-inference,1,4.2,613.1940892539229,scaling_check
185,StandardFirstFitBinPacker,resnet50-inference-downtown,1,2.8,403.0582228022909,scaling_check
185,StandardFirstFitBinPacker,resnet50-inference-suburb,1,2.4,395.3545540180482,scaling_check
185,StandardFirstFitBinPacker,resnet50-inference-industrial,1,2.8,770.8381006744496,scaling_check
185,StandardFirstFitBinPacker,resnet50-inference-residential,2,2.0,724.5851141753103,scaling_check
185,StandardFirstFitBinPacker,resnet50-inference-commercial,2,3.2,697.4837748393963,scaling_check
185,StandardFirstFitBinPacker,resnet50-training,1,7.8,0.0,scaling_check
185,StandardFirstFitBinPacker,resnet50-training-downtown,1,6.4,0.0,scaling_check
190,StandardFirstFitBinPacker,resnet50-inference,1,4.0,0.0,scaling_check
190,StandardFirstFitBinPacker,resnet50-inference-downtown,1,2.0,0.0,scaling_check
190,StandardFirstFitBinPacker,resnet50-inference-suburb,1,2.0,0.0,scaling_check
190,StandardFirstFitBinPacker,resnet50-inference-industrial,1,2.2,0.0,scaling_check
190,StandardFirstFitBinPacker,resnet50-inference-residential,2,3.2,0.0,scaling_check
190,StandardFirstFitBinPacker,resnet50-inference-commercial,2,2.4,0.0,scaling_check
190,StandardFirstFitBinPacker,resnet50-training,1,8.4,0.0,scaling_check
190,StandardFirstFitBinPacker,resnet50-training-downtown,1,8.8,0.0,scaling_check
195,StandardFirstFitBinPacker,resnet50-inference,1,2.8,0.0,scaling_check
195,StandardFirstFitBinPacker,resnet50-inference-downtown,1,3.6,0.0,scaling_check
195,StandardFirstFitBinPacker,resnet50-inference-suburb,1,3.2,0.0,scaling_check
195,StandardFirstFitBinPacker,resnet50-inference-industrial,1,2.6,0.0,scaling_check
195,StandardFirstFitBinPacker,resnet50-inference-residential,2,2.2,0.0,scaling_check
195,StandardFirstFitBinPacker,resnet50-inference-commercial,2,3.0,0.0,scaling_check
195,StandardFirstFitBinPacker,resnet50-training,1,6.6,0.0,scaling_check
195,StandardFirstFitBinPacker,resnet50-training-downtown,1,4.8,0.0,scaling_check
200,StandardFirstFitBinPacker,resnet50-inference,1,3.0,0.0,scaling_check
200,StandardFirstFitBinPacker,resnet50-inference-downtown,1,3.2,0.0,scaling_check
200,StandardFirstFitBinPacker,resnet50-inference-suburb,1,1.4,0.0,scaling_check
200,StandardFirstFitBinPacker,resnet50-inference-industrial,1,3.4,0.0,scaling_check
200,StandardFirstFitBinPacker,resnet50-inference-residential,2,3.6,0.0,scaling_check
200,StandardFirstFitBinPacker,resnet50-inference-commercial,2,3.0,0.0,scaling_check
200,StandardFirstFitBinPacker,resnet50-training,1,8.0,0.0,scaling_check
200,StandardFirstFitBinPacker,resnet50-training-downtown,1,6.4,0.0,scaling_check
205,StandardFirstFitBinPacker,resnet50-inference,1,2.6,0.0,scaling_check
205,StandardFirstFitBinPacker,resnet50-inference-downtown,1,2.4,0.0,scaling_check
205,StandardFirstFitBinPacker,resnet50-inference-suburb,1,2.6,0.0,scaling_check
205,StandardFirstFitBinPacker,resnet50-inference-industrial,1,2.8,0.0,scaling_check
205,StandardFirstFitBinPacker,resnet50-inference-residential,2,3.4,0.0,scaling_check
205,StandardFirstFitBinPacker,resnet50-inference-commercial,2,1.0,0.0,scaling_check
205,StandardFirstFitBinPacker,resnet50-training,1,7.6,0.0,scaling_check
205,StandardFirstFitBinPacker,resnet50-training-downtown,1,8.4,0.0,scaling_check
210,StandardFirstFitBinPacker,resnet50-inference,1,3.6,0.0,scaling_check
210,StandardFirstFitBinPacker,resnet50-inference-downtown,1,2.8,0.0,scaling_check
210,StandardFirstFitBinPacker,resnet50-inference-suburb,1,3.6,0.0,scaling_check
210,StandardFirstFitBinPacker,resnet50-inference-industrial,1,3.0,0.0,scaling_check
210,StandardFirstFitBinPacker,resnet50-inference-residential,2,3.8,0.0,scaling_check
210,StandardFirstFitBinPacker,resnet50-inference-commercial,2,2.0,0.0,scaling_check
210,StandardFirstFitBinPacker,resnet50-training,1,5.0,0.0,scaling_check
210,StandardFirstFitBinPacker,resnet50-training-downtown,1,8.4,0.0,scaling_check
215,StandardFirstFitBinPacker,resnet50-inference,1,2.6,615.8410103163804,scaling_check
215,StandardFirstFitBinPacker,resnet50-inference-downtown,1,3.0,396.8129441168762,scaling_check
215,StandardFirstFitBinPacker,resnet50-inference-suburb,1,3.2,393.2166499447889,scaling_check
215,StandardFirstFitBinPacker,resnet50-inference-industrial,1,4.4,781.6969909567265,scaling_check
215,StandardFirstFitBinPacker,resnet50-inference-residential,2,2.0,733.6478184738963,scaling_check
215,StandardFirstFitBinPacker,resnet50-inference-commercial,2,2.8,713.6245659198055,scaling_check
215,StandardFirstFitBinPacker,resnet50-training,1,5.6,0.0,scaling_check
215,StandardFirstFitBinPacker,resnet50-training-downtown,1,7.2,0.0,scaling_check
220,StandardFirstFitBinPacker,resnet50-inference,1,2.2,622.9594107926216,scaling_check
220,StandardFirstFitBinPacker,resnet50-inference-downtown,1,2.6,402.6925150875208,scaling_check
220,StandardFirstFitBinPacker,resnet50-inference-suburb,1,2.6,391.238693229811,scaling_check
220,StandardFirstFitBinPacker,resnet50-inference-industrial,1,3.2,825.4333403506618,scaling_check
220,StandardFirstFitBinPacker,resnet50-inference-residential,2,2.4,729.9527052372277,scaling_check
220,StandardFirstFitBinPacker,resnet50-inference-commercial,2,3.0,725.5535509571871,scaling_check
220,StandardFirstFitBinPacker,resnet50-training,1,8.8,0.0,scaling_check
220,StandardFirstFitBinPacker,resnet50-training-downtown,1,9.8,0.0,scaling_check
225,StandardFirstFitBinPacker,resnet50-inference,1,2.2,0.0,scaling_check
225,StandardFirstFitBinPacker,resnet50-inference-downtown,1,2.6,0.0,scaling_check
225,StandardFirstFitBinPacker,resnet50-inference-suburb,1,4.2,0.0,scaling_check
225,StandardFirstFitBinPacker,resnet50-inference-industrial,2,4.2,0.0,scaling_check
225,StandardFirstFitBinPacker,resnet50-inference-residential,2,3.2,0.0,scaling_check
225,StandardFirstFitBinPacker,resnet50-inference-commercial,2,3.4,0.0,scaling_check
225,StandardFirstFitBinPacker,resnet50-training,1,6.2,0.0,scaling_check
225,StandardFirstFitBinPacker,resnet50-training-downtown,1,8.0,0.0,scaling_check
230,StandardFirstFitBinPacker,resnet50-inference,1,3.2,0.0,scaling_check
230,StandardFirstFitBinPacker,resnet50-inference-downtown,1,3.4,0.0,scaling_check
230,StandardFirstFitBinPacker,resnet50-inference-suburb,1,1.4,0.0,scaling_check
230,StandardFirstFitBinPacker,resnet50-inference-industrial,2,2.0,0.0,scaling_check
230,StandardFirstFitBinPacker,resnet50-inference-residential,2,2.4,0.0,scaling_check
230,StandardFirstFitBinPacker,resnet50-inference-commercial,2,2.2,0.0,scaling_check
230,StandardFirstFitBinPacker,resnet50-training,1,6.4,0.0,scaling_check
230,StandardFirstFitBinPacker,resnet50-training-downtown,1,6.6,0.0,scaling_check
235,StandardFirstFitBinPacker,resnet50-inference,1,1.8,0.0,scaling_check
235,StandardFirstFitBinPacker,resnet50-inference-downtown,1,3.0,0.0,scaling_check
235,StandardFirstFitBinPacker,resnet50-inference-suburb,1,1.4,0.0,scaling_check
235,StandardFirstFitBinPacker,resnet50-inference-industrial,2,3.0,0.0,scaling_check
235,StandardFirstFitBinPacker,resnet50-inference-residential,2,2.6,0.0,scaling_check
235,StandardFirstFitBinPacker,resnet50-inference-commercial,2,4.0,0.0,scaling_check
235,StandardFirstFitBinPacker,resnet50-training,1,7.8,0.0,scaling_check
235,StandardFirstFitBinPacker,resnet50-training-downtown,1,7.8,0.0,scaling_check
240,StandardFirstFitBinPacker,resnet50-inference,1,2.4,0.0,scaling_check
240,StandardFirstFitBinPacker,resnet50-inference-downtown,1,3.4,0.0,scaling_check
240,StandardFirstFitBinPacker,resnet50-inference-suburb,1,2.2,0.0,scaling_check
240,StandardFirstFitBinPacker,resnet50-inference-industrial,2,2.8,0.0,scaling_check
240,StandardFirstFitBinPacker,resnet50-inference-residential,2,4.0,0.0,scaling_check
240,StandardFirstFitBinPacker,resnet50-inference-commercial,2,1.4,0.0,scaling_check
240,StandardFirstFitBinPacker,resnet50-training,1,6.2,0.0,scaling_check
240,StandardFirstFitBinPacker,resnet50-training-downtown,1,7.8,0.0,scaling_check
245,StandardFirstFitBinPacker,resnet50-inference,1,5.0,0.0,scaling_check
245,StandardFirstFitBinPacker,resnet50-inference-downtown,1,3.0,0.0,scaling_check
245,StandardFirstFitBinPacker,resnet50-inference-suburb,1,3.0,0.0,scaling_check
245,StandardFirstFitBinPacker,resnet50-inference-industrial,2,3.0,0.0,scaling_check
245,StandardFirstFitBinPacker,resnet50-inference-residential,2,2.8,0.0,scaling_check
245,StandardFirstFitBinPacker,resnet50-inference-commercial,2,1.6,0.0,scaling_check
245,StandardFirstFitBinPacker,resnet50-training,1,7.8,0.0,scaling_check
245,StandardFirstFitBinPacker,resnet50-training-downtown,1,6.0,0.0,scaling_check
250,StandardFirstFitBinPacker,resnet50-inference,1,3.2,615.8875777479379,scaling_check
250,StandardFirstFitBinPacker,resnet50-inference-downtown,1,3.8,394.90928346448845,scaling_check
250,StandardFirstFitBinPacker,resnet50-inference-suburb,1,2.6,391.01893933004465,scaling_check
250,StandardFirstFitBinPacker,resnet50-inference-industrial,2,3.2,738.3491150913751,scaling_check
250,StandardFirstFitBinPacker,resnet50-inference-residential,2,3.4,720.557615497193,scaling_check
250,StandardFirstFitBinPacker,resnet50-inference-commercial,2,3.2,714.1963454804021,scaling_check
250,StandardFirstFitBinPacker,resnet50-training,1,8.0,0.0,scaling_check
250,StandardFirstFitBinPacker,resnet50-training-downtown,1,7.0,0.0,scaling_check
255,StandardFirstFitBinPacker,resnet50-inference,1,5.0,614.3718289257819,scaling_check
255,StandardFirstFitBinPacker,resnet50-inference-downtown,1,3.0,396.0344507068064,scaling_check
255,StandardFirstFitBinPacker,resnet50-inference-suburb,1,2.4,390.40707116036475,scaling_check
255,StandardFirstFitBinPacker,resnet50-inference-industrial,2,3.0,781.6049277785322,scaling_check
255,StandardFirstFitBinPacker,resnet50-inference-residential,2,2.0,731.1645860296967,scaling_check
255,StandardFirstFitBinPacker,resnet50-inference-commercial,2,3.8,714.3734171686447,scaling_check
255,StandardFirstFitBinPacker,resnet50-training,1,7.4,0.0,scaling_check
255,StandardFirstFitBinPacker,resnet50-training-downtown,1,5.2,0.0,scaling_check
260,StandardFirstFitBinPacker,resnet50-inference,1,2.0,0.0,scaling_check
260,StandardFirstFitBinPacker,resnet50-inference-downtown,1,4.0,0.0,scaling_check
260,StandardFirstFitBinPacker,resnet50-inference-suburb,1,3.0,0.0,scaling_check
260,StandardFirstFitBinPacker,resnet50-inference-industrial,2,2.8,0.0,scaling_check
260,StandardFirstFitBinPacker,resnet50-inference-residential,2,3.6,0.0,scaling_check
260,StandardFirstFitBinPacker,resnet50-inference-commercial,2,2.4,0.0,scaling_check
260,StandardFirstFitBinPacker,resnet50-training,1,8.0,0.0,scaling_check
260,StandardFirstFitBinPacker,resnet50-training-downtown,1,6.2,0.0,scaling_check
265,StandardFirstFitBinPacker,resnet50-inference,1,3.8,0.0,scaling_check
265,StandardFirstFitBinPacker,resnet50-inference-downtown,1,2.4,0.0,scaling_check
265,StandardFirstFitBinPacker,resnet50-inference-suburb,1,2.4,0.0,scaling_check
265,StandardFirstFitBinPacker,resnet50-inference-industrial,2,2.8,0.0,scaling_check
265,StandardFirstFitBinPacker,resnet50-inference-residential,2,3.4,0.0,scaling_check
265,StandardFirstFitBinPacker,resnet50-inference-commercial,2,3.4,0.0,scaling_check
265,StandardFirstFitBinPacker,resnet50-training,1,6.6,0.0,scaling_check
265,StandardFirstFitBinPacker,resnet50-training-downtown,1,5.8,0.0,scaling_check
270,StandardFirstFitBinPacker,resnet50-inference,1,2.0,0.0,scaling_check
270,StandardFirstFitBinPacker,resnet50-inference-downtown,1,1.2,0.0,scaling_check
270,StandardFirstFitBinPacker,resnet50-inference-suburb,1,2.6,0.0,scaling_check
270,StandardFirstFitBinPacker,resnet50-inference-industrial,2,2.6,0.0,scaling_check
270,StandardFirstFitBinPacker,resnet50-inference-residential,2,2.2,0.0,scaling_check
270,StandardFirstFitBinPacker,resnet50-inference-commercial,2,3.0,0.0,scaling_check
270,StandardFirstFitBinPacker,resnet50-training,1,6.0,0.0,scaling_check
270,StandardFirstFitBinPacker,resnet50-training-downtown,1,6.4,0.0,scaling_check
275,StandardFirstFitBinPacker,resnet50-inference,1,3.6,0.0,scaling_check
275,StandardFirstFitBinPacker,resnet50-inference-downtown,1,3.0,0.0,scaling_check
275,StandardFirstFitBinPacker,resnet50-inference-suburb,1,3.2,0.0,scaling_check
275,StandardFirstFitBinPacker,resnet50-inference-industrial,2,4.2,0.0,scaling_check
275,StandardFirstFitBinPacker,resnet50-inference-residential,2,2.0,0.0,scaling_check
275,StandardFirstFitBinPacker,resnet50-inference-commercial,2,2.8,0.0,scaling_check
275,StandardFirstFitBinPacker,resnet50-training,1,8.0,0.0,scaling_check
275,StandardFirstFitBinPacker,resnet50-training-downtown,1,6.8,0.0,scaling_check
280,StandardFirstFitBinPacker,resnet50-inference,1,3.6,0.0,scaling_check
280,StandardFirstFitBinPacker,resnet50-inference-downtown,1,4.2,0.0,scaling_check
280,StandardFirstFitBinPacker,resnet50-inference-suburb,1,1.6,0.0,scaling_check
280,StandardFirstFitBinPacker,resnet50-inference-industrial,2,3.0,0.0,scaling_check
280,StandardFirstFitBinPacker,resnet50-inference-residential,2,2.2,0.0,scaling_check
280,StandardFirstFitBinPacker,resnet50-inference-commercial,2,1.6,0.0,scaling_check
280,StandardFirstFitBinPacker,resnet50-training,1,8.8,0.0,scaling_check
280,StandardFirstFitBinPacker,resnet50-training-downtown,1,7.2,0.0,scaling_check
285,StandardFirstFitBinPacker,resnet50-inference,1,2.8,612.970172580406,scaling_check
285,StandardFirstFitBinPacker,resnet50-inference-downtown,1,3.8,392.33194853573787,scaling_check
285,StandardFirstFitBinPacker,resnet50-inference-suburb,1,2.4,389.51723246874633,scaling_check
285,StandardFirstFitBinPacker,resnet50-inference-industrial,2,2.0,724.5872216517682,scaling_check
285,StandardFirstFitBinPacker,resnet50-inference-residential,2,2.8,711.1736871196605,scaling_check
285,StandardFirstFitBinPacker,resnet50-inference-commercial,2,2.8,727.2193889361943,scaling_check
285,StandardFirstFitBinPacker,resnet50-training,1,5.0,0.0,scaling_check
285,StandardFirstFitBinPacker,resnet50-training-downtown,1,7.6,0.0,scaling_check
290,StandardFirstFitBinPacker,resnet50-inference,1,2.8,625.8399922298818,scaling_check
290,StandardFirstFitBinPacker,resnet50-inference-downtown,1,3.4,394.5492436693882,scaling_check
290,StandardFirstFitBinPacker,resnet50-inference-suburb,1,1.2,394.9575246069969,scaling_check
290,StandardFirstFitBinPacker,resnet50-inference-industrial,2,3.4,714.7611575390216,scaling_check
290,StandardFirstFitBinPacker,resnet50-inference-residential,2,2.0,723.6958010770139,scaling_check
290,StandardFirstFitBinPacker,resnet50-inference-commercial,2,3.4,736.393412214992,scaling_check
290,StandardFirstFitBinPacker,resnet50-training,1,7.0,0.0,scaling_check
290,StandardFirstFitBinPacker,resnet50-training-downtown,1,7.8,0.0,scaling_check
295,StandardFirstFitBinPacker,resnet50-inference,1,2.4,0.0,scaling_check
295,StandardFirstFitBinPacker,resnet50-inference-downtown,1,3.8,0.0,scaling_check
295,StandardFirstFitBinPacker,resnet50-inference-suburb,1,2.4,0.0,scaling_check
295,StandardFirstFitBinPacker,resnet50-inference-industrial,2,3.0,0.0,scaling_check
295,StandardFirstFitBinPacker,resnet50-inference-residential,2,2.0,0.0,scaling_check
295,StandardFirstFitBinPacker,resnet50-inference-commercial,2,5.0,0.0,scaling_check
295,StandardFirstFitBinPacker,resnet50-training,1,6.4,0.0,scaling_check
295,StandardFirstFitBinPacker,resnet50-training-downtown,1,7.8,0.0,scaling_check
300,StandardFirstFitBinPacker,resnet50-inference,1,2.4,0.0,scaling_check
300,StandardFirstFitBinPacker,resnet50-inference-downtown,1,2.0,0.0,scaling_check
300,StandardFirstFitBinPacker,resnet50-inference-suburb,1,1.8,0.0,scaling_check
300,StandardFirstFitBinPacker,resnet50-inference-industrial,2,3.6,0.0,scaling_check
300,StandardFirstFitBinPacker,resnet50-inference-residential,2,3.4,0.0,scaling_check
300,StandardFirstFitBinPacker,resnet50-inference-commercial,2,3.4,0.0,scaling_check
300,StandardFirstFitBinPacker,resnet50-training,1,7.2,0.0,scaling_check
300,StandardFirstFitBinPacker,resnet50-training-downtown,1,11.8,0.0,scaling_check
305,StandardFirstFitBinPacker,resnet50-inference,1,2.2,0.0,scaling_check
305,StandardFirstFitBinPacker,resnet50-inference-downtown,1,1.8,0.0,scaling_check
305,StandardFirstFitBinPacker,resnet50-inference-suburb,1,3.0,0.0,scaling_check
305,StandardFirstFitBinPacker,resnet50-inference-industrial,2,1.8,0.0,scaling_check
305,StandardFirstFitBinPacker,resnet50-inference-residential,2,2.2,0.0,scaling_check
305,StandardFirstFitBinPacker,resnet50-inference-commercial,2,3.2,0.0,scaling_check
305,StandardFirstFitBinPacker,resnet50-training,1,8.8,0.0,scaling_check
305,StandardFirstFitBinPacker,resnet50-training-downtown,1,7.4,0.0,scaling_check
310,StandardFirstFitBinPacker,resnet50-inference,1,1.8,0.0,scaling_check
310,StandardFirstFitBinPacker,resnet50-inference-downtown,1,2.8,0.0,scaling_check
310,StandardFirstFitBinPacker,resnet50-inference-suburb,1,2.0,0.0,scaling_check
310,StandardFirstFitBinPacker,resnet50-inference-industrial,2,3.2,0.0,scaling_check
310,StandardFirstFitBinPacker,resnet50-inference-residential,2,3.0,0.0,scaling_check
310,StandardFirstFitBinPacker,resnet50-inference-commercial,2,2.6,0.0,scaling_check
310,StandardFirstFitBinPacker,resnet50-training,1,5.8,0.0,scaling_check
310,StandardFirstFitBinPacker,resnet50-training-downtown,1,6.6,0.0,scaling_check
315,StandardFirstFitBinPacker,resnet50-inference,1,3.6,0.0,scaling_check
315,StandardFirstFitBinPacker,resnet50-inference-downtown,1,3.8,0.0,scaling_check
315,StandardFirstFitBinPacker,resnet50-inference-suburb,1,2.0,0.0,scaling_check
315,StandardFirstFitBinPacker,resnet50-inference-industrial,2,4.0,0.0,scaling_check
315,StandardFirstFitBinPacker,resnet50-inference-residential,2,2.8,0.0,scaling_check
315,StandardFirstFitBinPacker,resnet50-inference-commercial,2,3.6,0.0,scaling_check
315,StandardFirstFitBinPacker,resnet50-training,1,6.0,0.0,scaling_check
315,StandardFirstFitBinPacker,resnet50-training-downtown,1,4.8,0.0,scaling_check
320,StandardFirstFitBinPacker,resnet50-inference,1,3.0,620.7518190991937,scaling_check
320,StandardFirstFitBinPacker,resnet50-inference-downtown,1,3.0,391.66325638751687,scaling_check
320,StandardFirstFitBinPacker,resnet50-inference-suburb,1,3.8,391.20366784385834,scaling_check
320,StandardFirstFitBinPacker,resnet50-inference-industrial,2,3.0,719.2786145096442,scaling_check
320,StandardFirstFitBinPacker,resnet50-inference-residential,2,3.6,710.1292005568592,scaling_check
320,StandardFirstFitBinPacker,resnet50-inference-commercial,2,2.8,724.3510786724604,scaling_check
320,StandardFirstFitBinPacker,resnet50-training,1,5.0,0.0,scaling_check
320,StandardFirstFitBinPacker,resnet50-training-downtown,1,9.4,0.0,scaling_check
325,StandardFirstFitBinPacker,resnet50-inference,1,3.4,611.0090158906095,scaling_check
325,StandardFirstFitBinPacker,resnet50-inference-downtown,1,1.8,388.87068814374555,scaling_check
325,StandardFirstFitBinPacker,resnet50-inference-suburb,1,2.2,393.2521965308027,scaling_check
325,StandardFirstFitBinPacker,resnet50-inference-industrial,2,3.6,725.6728716966308,scaling_check
325,StandardFirstFitBinPacker,resnet50-inference-residential,2,2.2,705.8551147664467,scaling_check
325,StandardFirstFitBinPacker,resnet50-inference-commercial,2,3.0,737.726809824603,scaling_check
325,StandardFirstFitBinPacker,resnet50-training,1,7.4,0.0,scaling_check
325,StandardFirstFitBinPacker,resnet50-training-downtown,1,8.0,0.0,scaling_check
330,StandardFirstFitBinPacker,resnet50-inference,1,2.2,0.0,scaling_check
330,StandardFirstFitBinPacker,resnet50-inference-downtown,1,3.8,0.0,scaling_check
330,StandardFirstFitBinPacker,resnet50-inference-suburb,1,0.8,0.0,scaling_check
330,StandardFirstFitBinPacker,resnet50-inference-industrial,2,3.4,0.0,scaling_check
330,StandardFirstFitBinPacker,resnet50-inference-residential,2,2.8,0.0,scaling_check
330,StandardFirstFitBinPacker,resnet50-inference-commercial,2,0.8,0.0,scaling_check
330,StandardFirstFitBinPacker,resnet50-training,1,8.6,0.0,scaling_check
330,StandardFirstFitBinPacker,resnet50-training-downtown,1,6.8,0.0,scaling_check
335,StandardFirstFitBinPacker,resnet50-inference,1,2.8,0.0,scaling_check
335,StandardFirstFitBinPacker,resnet50-inference-downtown,1,3.0,0.0,scaling_check
335,StandardFirstFitBinPacker,resnet50-inference-suburb,1,3.6,0.0,scaling_check
335,StandardFirstFitBinPacker,resnet50-inference-industrial,2,3.2,0.0,scaling_check
335,StandardFirstFitBinPacker,resnet50-inference-residential,2,2.6,0.0,scaling_check
335,StandardFirstFitBinPacker,resnet50-inference-commercial,2,3.2,0.0,scaling_check
335,StandardFirstFitBinPacker,resnet50-training,1,6.2,0.0,scaling_check
335,StandardFirstFitBinPacker,resnet50-training-downtown,1,6.2,0.0,scaling_check
340,StandardFirstFitBinPacker,resnet50-inference,1,2.8,0.0,scaling_check
340,StandardFirstFitBinPacker,resnet50-inference-downtown,1,2.4,0.0,scaling_check
340,StandardFirstFitBinPacker,resnet50-inference-suburb,1,3.8,0.0,scaling_check
340,StandardFirstFitBinPacker,resnet50-inference-industrial,2,2.6,0.0,scaling_check
340,StandardFirstFitBinPacker,resnet50-inference-residential,2,3.6,0.0,scaling_check
340,StandardFirstFitBinPacker,resnet50-inference-commercial,2,3.4,0.0,scaling_check
340,StandardFirstFitBinPacker,resnet50-training,1,7.0,0.0,scaling_check
340,StandardFirstFitBinPacker,resnet50-training-downtown,1,9.4,0.0,scaling_check
345,StandardFirstFitBinPacker,resnet50-inference,1,1.6,0.0,scaling_check
345,StandardFirstFitBinPacker,resnet50-inference-downtown,1,3.2,0.0,scaling_check
345,StandardFirstFitBinPacker,resnet50-inference-suburb,1,1.6,0.0,scaling_check
345,StandardFirstFitBinPacker,resnet50-inference-industrial,2,2.4,0.0,scaling_check
345,StandardFirstFitBinPacker,resnet50-inference-residential,2,2.4,0.0,scaling_check
345,StandardFirstFitBinPacker,resnet50-inference-commercial,2,2.6,0.0,scaling_check
345,StandardFirstFitBinPacker,resnet50-training,1,6.4,0.0,scaling_check
345,StandardFirstFitBinPacker,resnet50-training-downtown,1,7.8,0.0,scaling_check
350,StandardFirstFitBinPacker,resnet50-inference,1,3.2,0.0,scaling_check
350,StandardFirstFitBinPacker,resnet50-inference-downtown,1,2.8,0.0,scaling_check
350,StandardFirstFitBinPacker,resnet50-inference-suburb,1,1.8,0.0,scaling_check
350,StandardFirstFitBinPacker,resnet50-inference-industrial,2,3.6,0.0,scaling_check
350,StandardFirstFitBinPacker,resnet50-inference-residential,2,3.2,0.0,scaling_check
350,StandardFirstFitBinPacker,resnet50-inference-commercial,2,2.4,0.0,scaling_check
350,StandardFirstFitBinPacker,resnet50-training,1,5.6,0.0,scaling_check
350,StandardFirstFitBinPacker,resnet50-training-downtown,1,9.0,0.0,scaling_check
355,StandardFirstFitBinPacker,resnet50-inference,1,4.0,628.0047398206657,scaling_check
355,StandardFirstFitBinPacker,resnet50-inference-downtown,1,3.8,387.0345016494544,scaling_check
355,StandardFirstFitBinPacker,resnet50-inference-suburb,1,2.6,388.8083590779003,scaling_check
355,StandardFirstFitBinPacker,resnet50-inference-industrial,2,4.0,711.3524135579057,scaling_check
355,StandardFirstFitBinPacker,resnet50-inference-residential,2,2.6,719.7940569777087,scaling_check
355,StandardFirstFitBinPacker,resnet50-inference-commercial,2,4.4,715.0867734783226,scaling_check
355,StandardFirstFitBinPacker,resnet50-training,1,7.6,0.0,scaling_check
355,StandardFirstFitBinPacker,resnet50-training-downtown,1,5.6,0.0,scaling_check
360,StandardFirstFitBinPacker,resnet50-inference,1,2.8,616.6349994414761,scaling_check
360,StandardFirstFitBinPacker,resnet50-inference-downtown,1,3.2,389.17556231453784,scaling_check
360,StandardFirstFitBinPacker,resnet50-inference-suburb,1,3.8,388.3157321764799,scaling_check
360,StandardFirstFitBinPacker,resnet50-inference-industrial,2,2.2,711.6080318301368,scaling_check
360,StandardFirstFitBinPacker,resnet50-inference-residential,2,3.4,718.4783587560919,scaling_check
360,StandardFirstFitBinPacker,resnet50-inference-commercial,2,3.2,721.5513733078525,scaling_check
360,StandardFirstFitBinPacker,resnet50-training,1,8.6,0.0,scaling_check
360,StandardFirstFitBinPacker,resnet50-training-downtown,1,7.2,0.0,scaling_check
365,StandardFirstFitBinPacker,resnet50-inference,1,4.6,0.0,scaling_check
365,StandardFirstFitBinPacker,resnet50-inference-downtown,1,2.4,0.0,scaling_check
365,StandardFirstFitBinPacker,resnet50-inference-suburb,1,2.2,0.0,scaling_check
365,StandardFirstFitBinPacker,resnet50-inference-industrial,2,2.2,0.0,scaling_check
365,StandardFirstFitBinPacker,resnet50-inference-residential,2,2.2,0.0,scaling_check
365,StandardFirstFitBinPacker,resnet50-inference-commercial,2,2.8,0.0,scaling_check
365,StandardFirstFitBinPacker,resnet50-training,1,6.4,0.0,scaling_check
365,StandardFirstFitBinPacker,resnet50-training-downtown,1,7.4,0.0,scaling_check
370,StandardFirstFitBinPacker,resnet50-inference,1,3.6,0.0,scaling_check
370,StandardFirstFitBinPacker,resnet50-inference-downtown,1,2.8,0.0,scaling_check
370,StandardFirstFitBinPacker,resnet50-inference-suburb,1,3.0,0.0,scaling_check
370,StandardFirstFitBinPacker,resnet50-inference-industrial,2,2.4,0.0,scaling_check
370,StandardFirstFitBinPacker,resnet50-inference-residential,2,4.2,0.0,scaling_check
370,StandardFirstFitBinPacker,resnet50-inference-commercial,2,6.4,0.0,scaling_check
370,StandardFirstFitBinPacker,resnet50-training,1,5.4,0.0,scaling_check
370,StandardFirstFitBinPacker,resnet50-training-downtown,1,5.4,0.0,scaling_check
375,StandardFirstFitBinPacker,resnet50-inference,1,2.4,0.0,scaling_check
375,StandardFirstFitBinPacker,resnet50-inference-downtown,1,3.2,0.0,scaling_check
375,StandardFirstFitBinPacker,resnet50-inference-suburb,1,3.0,0.0,scaling_check
375,StandardFirstFitBinPacker,resnet50-inference-industrial,2,2.2,0.0,scaling_check
375,StandardFirstFitBinPacker,resnet50-inference-residential,2,2.0,0.0,scaling_check
375,StandardFirstFitBinPacker,resnet50-inference-commercial,2,4.2,0.0,scaling_check
375,StandardFirstFitBinPacker,resnet50-training,1,8.6,0.0,scaling_check
375,StandardFirstFitBinPacker,resnet50-training-downtown,1,8.4,0.0,scaling_check
380,StandardFirstFitBinPacker,resnet50-inference,1,3.0,0.0,scaling_check
380,StandardFirstFitBinPacker,resnet50-inference-downtown,1,3.4,0.0,scaling_check
380,StandardFirstFitBinPacker,resnet50-inference-suburb,1,2.4,0.0,scaling_check
380,StandardFirstFitBinPacker,resnet50-inference-industrial,2,4.0,0.0,scaling_check
380,StandardFirstFitBinPacker,resnet50-inference-residential,2,4.0,0.0,scaling_check
380,StandardFirstFitBinPacker,resnet50-inference-commercial,2,3.8,0.0,scaling_check
380,StandardFirstFitBinPacker,resnet50-training,1,5.0,0.0,scaling_check
380,StandardFirstFitBinPacker,resnet50-training-downtown,1,4.6,0.0,scaling_check
385,StandardFirstFitBinPacker,resnet50-inference,1,3.0,0.0,scaling_check
385,StandardFirstFitBinPacker,resnet50-inference-downtown,1,2.2,0.0,scaling_check
385,StandardFirstFitBinPacker,resnet50-inference-suburb,1,3.0,0.0,scaling_check
385,StandardFirstFitBinPacker,resnet50-inference-industrial,2,2.2,0.0,scaling_check
385,StandardFirstFitBinPacker,resnet50-inference-residential,2,2.8,0.0,scaling_check
385,StandardFirstFitBinPacker,resnet50-inference-commercial,2,2.4,0.0,scaling_check
385,StandardFirstFitBinPacker,resnet50-training,1,7.8,0.0,scaling_check
385,StandardFirstFitBinPacker,resnet50-training-downtown,1,8.8,0.0,scaling_check
390,StandardFirstFitBinPacker,resnet50-inference,1,2.4,615.2640061230359,scaling_check
390,StandardFirstFitBinPacker,resnet50-inference-downtown,1,3.2,392.80427424643864,scaling_check
390,StandardFirstFitBinPacker,resnet50-inference-suburb,1,3.2,394.94149487375887,scaling_check
390,StandardFirstFitBinPacker,resnet50-inference-industrial,2,3.4,737.2332090645667,scaling_check
390,StandardFirstFitBinPacker,resnet50-inference-residential,2,2.0,701.5117585449958,scaling_check
390,StandardFirstFitBinPacker,resnet50-inference-commercial,2,4.0,723.1256293926513,scaling_check
390,StandardFirstFitBinPacker,resnet50-training,1,6.4,0.0,scaling_check
390,StandardFirstFitBinPacker,resnet50-training-downtown,1,5.4,0.0,scaling_check
395,StandardFirstFitBinPacker,resnet50-inference,1,4.6,605.6298252023631,scaling_check
395,StandardFirstFitBinPacker,resnet50-inference-downtown,1,3.0,389.6195757807618,scaling_check
395,StandardFirstFitBinPacker,resnet50-inference-suburb,1,4.0,391.0995942869249,scaling_check
395,StandardFirstFitBinPacker,resnet50-inference-industrial,2,2.8,723.1995035076125,scaling_check
395,StandardFirstFitBinPacker,resnet50-inference-residential,2,3.2,720.6136484442628,scaling_check
395,StandardFirstFitBinPacker,resnet50-inference-commercial,2,2.4,739.5806876393582,scaling_check
395,StandardFirstFitBinPacker,resnet50-training,1,7.2,0.0,scaling_check
395,StandardFirstFitBinPacker,resnet50-training-downtown,1,6.4,0.0,scaling_check
400,StandardFirstFitBinPacker,resnet50-inference,1,3.0,0.0,scaling_check
400,StandardFirstFitBinPacker,resnet50-inference-downtown,1,3.4,0.0,scaling_check
400,StandardFirstFitBinPacker,resnet50-inference-suburb,1,2.8,0.0,scaling_check
400,StandardFirstFitBinPacker,resnet50-inference-industrial,2,2.6,0.0,scaling_check
400,StandardFirstFitBinPacker,resnet50-inference-residential,2,2.6,0.0,scaling_check
400,StandardFirstFitBinPacker,resnet50-inference-commercial,2,2.2,0.0,scaling_check
400,StandardFirstFitBinPacker,resnet50-training,1,5.0,0.0,scaling_check
400,StandardFirstFitBinPacker,resnet50-training-downtown,1,8.0,0.0,scaling_check
405,StandardFirstFitBinPacker,resnet50-inference,1,3.2,0.0,scaling_check
405,StandardFirstFitBinPacker,resnet50-inference-downtown,1,3.0,0.0,scaling_check
405,StandardFirstFitBinPacker,resnet50-inference-suburb,1,3.0,0.0,scaling_check
405,StandardFirstFitBinPacker,resnet50-inference-industrial,2,2.6,0.0,scaling_check
405,StandardFirstFitBinPacker,resnet50-inference-residential,2,2.8,0.0,scaling_check
405,StandardFirstFitBinPacker,resnet50-inference-commercial,2,2.4,0.0,scaling_check
405,StandardFirstFitBinPacker,resnet50-training,1,7.0,0.0,scaling_check
405,StandardFirstFitBinPacker,resnet50-training-downtown,1,6.6,0.0,scaling_check
410,StandardFirstFitBinPacker,resnet50-inference,1,3.8,0.0,scaling_check
410,StandardFirstFitBinPacker,resnet50-inference-downtown,1,3.8,0.0,scaling_check
410,StandardFirstFitBinPacker,resnet50-inference-suburb,1,4.2,0.0,scaling_check
410,StandardFirstFitBinPacker,resnet50-inference-industrial,2,3.2,0.0,scaling_check
410,StandardFirstFitBinPacker,resnet50-inference-residential,2,3.4,0.0,scaling_check
410,StandardFirstFitBinPacker,resnet50-inference-commercial,2,2.0,0.0,scaling_check
410,StandardFirstFitBinPacker,resnet50-training,1,6.4,0.0,scaling_check
410,StandardFirstFitBinPacker,resnet50-training-downtown,1,5.0,0.0,scaling_check
415,StandardFirstFitBinPacker,resnet50-inference,1,2.0,0.0,scaling_check
415,StandardFirstFitBinPacker,resnet50-inference-downtown,1,3.2,0.0,scaling_check
415,StandardFirstFitBinPacker,resnet50-inference-suburb,1,3.8,0.0,scaling_check
415,StandardFirstFitBinPacker,resnet50-inference-industrial,2,3.4,0.0,scaling_check
415,StandardFirstFitBinPacker,resnet50-inference-residential,2,3.0,0.0,scaling_check
415,StandardFirstFitBinPacker,resnet50-inference-commercial,2,4.0,0.0,scaling_check
415,StandardFirstFitBinPacker,resnet50-training,1,10.4,0.0,scaling_check
415,StandardFirstFitBinPacker,resnet50-training-downtown,1,9.0,0.0,scaling_check
420,StandardFirstFitBinPacker,resnet50-inference,1,2.0,0.0,scaling_check
420,StandardFirstFitBinPacker,resnet50-inference-downtown,1,4.0,0.0,scaling_check
420,StandardFirstFitBinPacker,resnet50-inference-suburb,1,2.8,0.0,scaling_check
420,StandardFirstFitBinPacker,resnet50-inference-industrial,2,3.2,0.0,scaling_check
420,StandardFirstFitBinPacker,resnet50-inference-residential,2,4.4,0.0,scaling_check
420,StandardFirstFitBinPacker,resnet50-inference-commercial,2,3.2,0.0,scaling_check
420,StandardFirstFitBinPacker,resnet50-training,1,5.8,0.0,scaling_check
420,StandardFirstFitBinPacker,resnet50-training-downtown,1,7.4,0.0,scaling_check
425,StandardFirstFitBinPacker,resnet50-inference,1,4.0,604.4865400909388,scaling_check
425,StandardFirstFitBinPacker,resnet50-inference-downtown,1,4.2,389.4762585101177,scaling_check
425,StandardFirstFitBinPacker,resnet50-inference-suburb,1,3.2,390.47350820677144,scaling_check
425,StandardFirstFitBinPacker,resnet50-inference-industrial,2,1.8,704.2643276461125,scaling_check
425,StandardFirstFitBinPacker,resnet50-inference-residential,2,3.4,725.4727430203092,scaling_check
425,StandardFirstFitBinPacker,resnet50-inference-commercial,2,2.0,703.7729863208515,scaling_check
425,StandardFirstFitBinPacker,resnet50-training,1,8.0,0.0,scaling_check
425,StandardFirstFitBinPacker,resnet50-training-downtown,1,8.4,0.0,scaling_check
430,StandardFirstFitBinPacker,resnet50-inference,1,3.2,609.8581683597432,scaling_check
430,StandardFirstFitBinPacker,resnet50-inference-downtown,1,2.8,389.09715110451026,scaling_check
430,StandardFirstFitBinPacker,resnet50-inference-suburb,1,3.4,389.94467483286957,scaling_check
430,StandardFirstFitBinPacker,resnet50-inference-industrial,2,2.8,713.6036068814419,scaling_check
430,StandardFirstFitBinPacker,resnet50-inference-residential,2,4.0,752.3421798486338,scaling_check
430,StandardFirstFitBinPacker,resnet50-inference-commercial,2,2.0,701.0533172174689,scaling_check
430,StandardFirstFitBinPacker,resnet50-training,1,7.4,0.0,scaling_check
430,StandardFirstFitBinPacker,resnet50-training-downtown,1,8.8,0.0,scaling_check
435,StandardFirstFitBinPacker,resnet50-inference,1,3.8,0.0,scaling_check
435,StandardFirstFitBinPacker,resnet50-inference-downtown,1,3.0,0.0,scaling_check
435,StandardFirstFitBinPacker,resnet50-inference-suburb,1,3.4,0.0,scaling_check
435,StandardFirstFitBinPacker,resnet50-inference-industrial,2,3.4,0.0,scaling_check
435,StandardFirstFitBinPacker,resnet50-inference-residential,2,3.4,0.0,scaling_check
435,StandardFirstFitBinPacker,resnet50-inference-commercial,2,3.2,0.0,scaling_check
435,StandardFirstFitBinPacker,resnet50-training,1,7.6,0.0,scaling_check
435,StandardFirstFitBinPacker,resnet50-training-downtown,1,5.8,0.0,scaling_check
440,StandardFirstFitBinPacker,resnet50-inference,1,1.8,0.0,scaling_check
440,StandardFirstFitBinPacker,resnet50-inference-downtown,1,2.8,0.0,scaling_check
440,StandardFirstFitBinPacker,resnet50-inference-suburb,1,3.4,0.0,scaling_check
440,StandardFirstFitBinPacker,resnet50-inference-industrial,2,3.4,0.0,scaling_check
440,StandardFirstFitBinPacker,resnet50-inference-residential,2,3.2,0.0,scaling_check
440,StandardFirstFitBinPacker,resnet50-inference-commercial,2,3.6,0.0,scaling_check
440,StandardFirstFitBinPacker,resnet50-training,1,6.8,0.0,scaling_check
440,StandardFirstFitBinPacker,resnet50-training-downtown,1,8.8,0.0,scaling_check
445,StandardFirstFitBinPacker,resnet50-inference,1,4.4,0.0,scaling_check
445,StandardFirstFitBinPacker,resnet50-inference-downtown,1,2.4,0.0,scaling_check
445,StandardFirstFitBinPacker,resnet50-inference-suburb,1,3.4,0.0,scaling_check
445,StandardFirstFitBinPacker,resnet50-inference-industrial,2,4.0,0.0,scaling_check
445,StandardFirstFitBinPacker,resnet50-inference-residential,2,4.4,0.0,scaling_check
445,StandardFirstFitBinPacker,resnet50-inference-commercial,2,3.2,0.0,scaling_check
445,StandardFirstFitBinPacker,resnet50-training,1,4.4,0.0,scaling_check
445,StandardFirstFitBinPacker,resnet50-training-downtown,1,6.6,0.0,scaling_check
450,StandardFirstFitBinPacker,resnet50-inference,1,3.2,0.0,scaling_check
450,StandardFirstFitBinPacker,resnet50-inference-downtown,1,3.4,0.0,scaling_check
450,StandardFirstFitBinPacker,resnet50-inference-suburb,1,2.8,0.0,scaling_check
450,StandardFirstFitBinPacker,resnet50-inference-industrial,2,1.8,0.0,scaling_check
450,StandardFirstFitBinPacker,resnet50-inference-residential,2,1.4,0.0,scaling_check
450,StandardFirstFitBinPacker,resnet50-inference-commercial,2,2.6,0.0,scaling_check
450,StandardFirstFitBinPacker,resnet50-training,1,8.4,0.0,scaling_check
450,StandardFirstFitBinPacker,resnet50-training-downtown,1,6.6,0.0,scaling_check
455,StandardFirstFitBinPacker,resnet50-inference,1,3.0,0.0,scaling_check
455,StandardFirstFitBinPacker,resnet50-inference-downtown,1,2.6,0.0,scaling_check
455,StandardFirstFitBinPacker,resnet50-inference-suburb,1,3.0,0.0,scaling_check
455,StandardFirstFitBinPacker,resnet50-inference-industrial,2,3.0,0.0,scaling_check
455,StandardFirstFitBinPacker,resnet50-inference-residential,2,3.6,0.0,scaling_check
455,StandardFirstFitBinPacker,resnet50-inference-commercial,2,3.4,0.0,scaling_check
455,StandardFirstFitBinPacker,resnet50-training,1,7.8,0.0,scaling_check
455,StandardFirstFitBinPacker,resnet50-training-downtown,1,7.0,0.0,scaling_check
460,StandardFirstFitBinPacker,resnet50-inference,1,2.4,609.4679086145414,scaling_check
460,StandardFirstFitBinPacker,resnet50-inference-downtown,1,3.2,391.8682496239799,scaling_check
460,StandardFirstFitBinPacker,resnet50-inference-suburb,1,3.4,394.92616977366333,scaling_check
460,StandardFirstFitBinPacker,resnet50-inference-industrial,2,3.2,715.197841759155,scaling_check
460,StandardFirstFitBinPacker,resnet50-inference-residential,2,2.2,725.0229834119456,scaling_check
460,StandardFirstFitBinPacker,resnet50-inference-commercial,2,1.6,725.2694789843918,scaling_check
460,StandardFirstFitBinPacker,resnet50-training,1,8.4,0.0,scaling_check
460,StandardFirstFitBinPacker,resnet50-training-downtown,1,5.4,0.0,scaling_check
465,StandardFirstFitBinPacker,resnet50-inference,1,2.6,583.9335673541331,scaling_check
465,StandardFirstFitBinPacker,resnet50-inference-downtown,1,3.6,388.8025106938074,scaling_check
465,StandardFirstFitBinPacker,resnet50-inference-suburb,1,3.2,391.99062548672714,scaling_check
465,StandardFirstFitBinPacker,resnet50-inference-industrial,2,4.0,710.8995120805208,scaling_check
465,StandardFirstFitBinPacker,resnet50-inference-residential,2,3.6,734.3253733841792,scaling_check
465,StandardFirstFitBinPacker,resnet50-inference-commercial,2,2.8,734.7228338644741,scaling_check
465,StandardFirstFitBinPacker,resnet50-training,1,6.8,0.0,scaling_check
465,StandardFirstFitBinPacker,resnet50-training-downtown,1,6.8,0.0,scaling_check
470,StandardFirstFitBinPacker,resnet50-inference,1,5.0,0.0,scaling_check
470,StandardFirstFitBinPacker,resnet50-inference-downtown,1,2.6,0.0,scaling_check
470,StandardFirstFitBinPacker,resnet50-inference-suburb,1,3.0,0.0,scaling_check
470,StandardFirstFitBinPacker,resnet50-inference-industrial,2,2.0,0.0,scaling_check
470,StandardFirstFitBinPacker,resnet50-inference-residential,2,2.4,0.0,scaling_check
470,StandardFirstFitBinPacker,resnet50-inference-commercial,2,2.2,0.0,scaling_check
470,StandardFirstFitBinPacker,resnet50-training,1,8.2,0.0,scaling_check
470,StandardFirstFitBinPacker,resnet50-training-downtown,1,6.6,0.0,scaling_check
475,StandardFirstFitBinPacker,resnet50-inference,1,5.8,0.0,scaling_check
475,StandardFirstFitBinPacker,resnet50-inference-downtown,1,2.6,0.0,scaling_check
475,StandardFirstFitBinPacker,resnet50-inference-suburb,1,3.2,0.0,scaling_check
475,StandardFirstFitBinPacker,resnet50-inference-industrial,2,3.0,0.0,scaling_check
475,StandardFirstFitBinPacker,resnet50-inference-residential,2,3.4,0.0,scaling_check
475,StandardFirstFitBinPacker,resnet50-inference-commercial,2,4.2,0.0,scaling_check
475,StandardFirstFitBinPacker,resnet50-training,1,5.6,0.0,scaling_check
475,StandardFirstFitBinPacker,resnet50-training-downtown,1,6.8,0.0,scaling_check
480,StandardFirstFitBinPacker,resnet50-inference,1,3.6,0.0,scaling_check
480,StandardFirstFitBinPacker,resnet50-inference-downtown,1,2.4,0.0,scaling_check
480,StandardFirstFitBinPacker,resnet50-inference-suburb,1,1.6,0.0,scaling_check
480,StandardFirstFitBinPacker,resnet50-inference-industrial,2,2.4,0.0,scaling_check
480,StandardFirstFitBinPacker,resnet50-inference-residential,2,1.8,0.0,scaling_check
480,StandardFirstFitBinPacker,resnet50-inference-commercial,2,3.8,0.0,scaling_check
480,StandardFirstFitBinPacker,resnet50-training,1,9.2,0.0,scaling_check
480,StandardFirstFitBinPacker,resnet50-training-downtown,1,5.0,0.0,scaling_check
485,StandardFirstFitBinPacker,resnet50-inference,1,2.8,0.0,scaling_check
485,StandardFirstFitBinPacker,resnet50-inference-downtown,1,3.6,0.0,scaling_check
485,StandardFirstFitBinPacker,resnet50-inference-suburb,1,4.8,0.0,scaling_check
485,StandardFirstFitBinPacker,resnet50-inference-industrial,2,2.8,0.0,scaling_check
485,StandardFirstFitBinPacker,resnet50-inference-residential,2,4.4,0.0,scaling_check
485,StandardFirstFitBinPacker,resnet50-inference-commercial,2,3.2,0.0,scaling_check
485,StandardFirstFitBinPacker,resnet50-training,1,6.0,0.0,scaling_check
485,StandardFirstFitBinPacker,resnet50-training-downtown,1,6.8,0.0,scaling_check
490,StandardFirstFitBinPacker,resnet50-inference,1,3.4,0.0,scaling_check
490,StandardFirstFitBinPacker,resnet50-inference-downtown,1,3.4,0.0,scaling_check
490,StandardFirstFitBinPacker,resnet50-inference-suburb,1,2.6,0.0,scaling_check
490,StandardFirstFitBinPacker,resnet50-inference-industrial,2,4.0,0.0,scaling_check
490,StandardFirstFitBinPacker,resnet50-inference-residential,2,3.4,0.0,scaling_check
490,StandardFirstFitBinPacker,resnet50-inference-commercial,2,1.8,0.0,scaling_check
490,StandardFirstFitBinPacker,resnet50-training,1,8.6,0.0,scaling_check
490,StandardFirstFitBinPacker,resnet50-training-downtown,1,5.4,0.0,scaling_check
495,StandardFirstFitBinPacker,resnet50-inference,1,2.4,625.3785656490023,scaling_check
495,StandardFirstFitBinPacker,resnet50-inference-downtown,1,3.2,399.55766720401783,scaling_check
495,StandardFirstFitBinPacker,resnet50-inference-suburb,1,1.8,390.0797990138497,scaling_check
495,StandardFirstFitBinPacker,resnet50-inference-industrial,2,3.6,727.3180724170759,scaling_check
495,StandardFirstFitBinPacker,resnet50-inference-residential,2,3.6,729.1700339123101,scaling_check
495,StandardFirstFitBinPacker,resnet50-inference-commercial,2,3.4,748.9497735387,scaling_check
495,StandardFirstFitBinPacker,resnet50-training,1,7.8,0.0,scaling_check
495,StandardFirstFitBinPacker,resnet50-training-downtown,1,6.2,0.0,scaling_check
500,StandardFirstFitBinPacker,resnet50-inference,1,2.4,630.4886379882191,scaling_check
500,StandardFirstFitBinPacker,resnet50-inference-downtown,1,3.4,395.59014492693586,scaling_check
500,StandardFirstFitBinPacker,resnet50-inference-suburb,1,4.2,392.2749744044217,scaling_check
500,StandardFirstFitBinPacker,resnet50-inference-industrial,2,3.2,722.6716455924284,scaling_check
500,StandardFirstFitBinPacker,resnet50-inference-residential,2,3.0,727.6245740686096,scaling_check
500,StandardFirstFitBinPacker,resnet50-inference-commercial,2,2.4,748.4289692061072,scaling_check
500,StandardFirstFitBinPacker,resnet50-training,1,6.2,0.0,scaling_check
500,StandardFirstFitBinPacker,resnet50-training-downtown,1,7.0,0.0,scaling_check
505,StandardFirstFitBinPacker,resnet50-inference,1,1.6,0.0,scaling_check
505,StandardFirstFitBinPacker,resnet50-inference-downtown,1,4.4,0.0,scaling_check
505,StandardFirstFitBinPacker,resnet50-inference-suburb,1,2.6,0.0,scaling_check
505,StandardFirstFitBinPacker,resnet50-inference-industrial,2,1.6,0.0,scaling_check
505,StandardFirstFitBinPacker,resnet50-inference-residential,2,3.4,0.0,scaling_check
505,StandardFirstFitBinPacker,resnet50-inference-commercial,2,2.4,0.0,scaling_check
505,StandardFirstFitBinPacker,resnet50-training,1,4.8,0.0,scaling_check
505,StandardFirstFitBinPacker,resnet50-training-downtown,1,6.6,0.0,scaling_check
510,StandardFirstFitBinPacker,resnet50-inference,1,3.4,0.0,scaling_check
510,StandardFirstFitBinPacker,resnet50-inference-downtown,1,1.8,0.0,scaling_check
510,StandardFirstFitBinPacker,resnet50-inference-suburb,1,3.2,0.0,scaling_check
510,StandardFirstFitBinPacker,resnet50-inference-industrial,2,1.6,0.0,scaling_check
510,StandardFirstFitBinPacker,resnet50-inference-residential,2,1.6,0.0,scaling_check
510,StandardFirstFitBinPacker,resnet50-inference-commercial,2,2.6,0.0,scaling_check
510,StandardFirstFitBinPacker,resnet50-training,1,9.4,0.0,scaling_check
510,StandardFirstFitBinPacker,resnet50-training-downtown,1,8.2,0.0,scaling_check
